[{
        "id": "post_1",
        "name": "START",
        "position": {
            "lat": 55.679126,
            "lng": 12.594271
        },
        "about": "START",
        "qtitle": "Spørgsmål 1",
        "question": "hvorfor er nyhavn bus ikke en båd?",
        "a1": "fordi den er grim",
        "a2": "fordi den ikke har lyst",
        "a3": "fordi det lyder sejere som bus",
        "a4": "fordi der skulle være noget mystery"
    },
    {
        "id": "post_2",
        "name": "Marinestationen",
        "position": {
            "lat": 55.684790,
            "lng": 12.607532
        },
        "about": "Post 2",
        "qtitle": "Spørgsmål 2",
        "question": "hvorfor er marinestationen bus ikke en båd?",
        "a1": "fordi den er grim",
        "a2": "fordi den ikke har lyst",
        "a3": "fordi det lyder sejere som bus",
        "a4": "fordi der skulle være noget mystery"
    },
    {
        "id": "post_3",
        "name": "Takkeladsvej",
        "position": {
            "lat": 55.685526,
            "lng": 12.605985
        },
        "about": "Post 3",
        "qtitle": "Spørgsmål 3",
        "question": "hvorfor er takkeladsvej bus ikke en båd?",
        "a1": "fordi den er grim",
        "a2": "fordi den ikke har lyst",
        "a3": "fordi det lyder sejere som bus",
        "a4": "fordi der skulle være noget mystery"
    },
    {
        "id": "post_4",
        "name": "Søværnets Officerskole",
        "position": {
            "lat": 55.686589,
            "lng": 12.606382
        },
        "about": "Post 4",
        "qtitle": "Spørgsmål 4",
        "question": "hvorfor er søvernets officerskole bus ikke en båd?",
        "a1": "fordi den er grim",
        "a2": "fordi den ikke har lyst",
        "a3": "fordi det lyder sejere som bus",
        "a4": "fordi der skulle være noget mystery"
    },
    {
        "id": "post_5",
        "name": "Mastekranen",
        "position": {
            "lat": 55.688167,
            "lng": 12.605921
        },
        "about": "Post 5",
        "qtitle": "Spørgsmål 5",
        "question": "hvorfor er mastekranen bus ikke en båd?",
        "a1": "fordi den er grim",
        "a2": "fordi den ikke har lyst",
        "a3": "fordi det lyder sejere som bus",
        "a4": "fordi der skulle være noget mystery"
    },
    {
        "id": "post_6",
        "name": "Peder Skram",
        "position": {
            "lat": 55.688650,
            "lng": 12.604845
        },
        "about": "Post 6",
        "qtitle": "Spørgsmål 6",
        "question": "hvorfor er peder skram bus ikke en båd?",
        "a1": "fordi den er grim",
        "a2": "fordi den ikke har lyst",
        "a3": "fordi det lyder sejere som bus",
        "a4": "fordi der skulle være noget mystery"
    },
    {
        "id": "post_7",
        "name": "Nyholms Hovedvagt",
        "position": {
            "lat": 55.688828,
            "lng": 12.606191
        },
        "about": "Post 7",
        "qtitle": "Spørgsmål 7",
        "question": "hvorfor er nyholms hovedvagt bus ikke en båd?",
        "a1": "fordi den er grim",
        "a2": "fordi den ikke har lyst",
        "a3": "fordi det lyder sejere som bus",
        "a4": "fordi der skulle være noget mystery"
    },
    {
        "id": "post_8",
        "name": "Statue",
        "position": {
            "lat": 55.689263,
            "lng": 12.606722
        },
        "about": "Post 8",
        "qtitle": "Spørgsmål 8",
        "question": "hvorfor er statue bus ikke en båd?",
        "a1": "fordi den er grim",
        "a2": "fordi den ikke har lyst",
        "a3": "fordi det lyder sejere som bus",
        "a4": "fordi der skulle være noget mystery"
    },
    {
        "id": "post_9",
        "name": "Spanteloftvej",
        "position": {
            "lat": 55.687229,
            "lng": 12.607527
        },
        "about": "Post 9",
        "qtitle": "Spørgsmål 9",
        "question": "hvorfor er spanteloftvej bus ikke en båd?",
        "a1": "fordi den er grim",
        "a2": "fordi den ikke har lyst",
        "a3": "fordi det lyder sejere som bus",
        "a4": "fordi der skulle være noget mystery"
    },
    {
        "id": "post_10",
        "name": "Leo Mathisens vej",
        "position": {
            "lat": 55.682652,
            "lng": 12.606270
        },
        "about": "Post 10",
        "qtitle": "Spørgsmål 10",
        "question": "hvorfor er leo mathisens vej bus ikke en båd?",
        "a1": "fordi den er grim",
        "a2": "fordi den ikke har lyst",
        "a3": "fordi det lyder sejere som bus",
        "a4": "fordi der skulle være noget mystery"
    },
    {
        "id": "post_11",
        "name": "Kanonbådsvej",
        "position": {
            "lat": 55.679236,
            "lng": 12.606193
        },
        "about": "Post 11",
        "qtitle": "Spørgsmål 11",
        "question": "hvorfor er kanonbådsvej bus ikke en båd?",
        "a1": "fordi den er grim",
        "a2": "fordi den ikke har lyst",
        "a3": "fordi det lyder sejere som bus",
        "a4": "fordi der skulle være noget mystery"
    },
    {
        "id": "post_12",
        "name": "Torpedohallerne",
        "position": {
            "lat": 55.679027,
            "lng": 12.605377
        },
        "about": "Post 12",
        "qtitle": "Spørgsmål 12",
        "question": "hvorfor er torpedohallerne bus ikke en båd?",
        "a1": "fordi den er grim",
        "a2": "fordi den ikke har lyst",
        "a3": "fordi det lyder sejere som bus",
        "a4": "fordi der skulle være noget mystery"
    },
    {
        "id": "post_13",
        "name": "Kuglegården",
        "position": {
            "lat": 55.678533,
            "lng": 12.600755
        },
        "about": "Post 13",
        "qtitle": "Spørgsmål 13",
        "question": "hvorfor er kuglegården bus ikke en båd?",
        "a1": "fordi den er grim",
        "a2": "fordi den ikke har lyst",
        "a3": "fordi det lyder sejere som bus",
        "a4": "fordi der skulle være noget mystery"
    }


]
